---
title: "é§†å‹•è¡¨ã§WHEREå¥ãŒãªãã¦ã‚‚Extraã‚«ãƒ©ãƒ ã«`Using where`ãŒå‡ºã‚‹ç†ç”±"
emoji: "ğŸ“‘"
type: "tech" # tech: æŠ€è¡“è¨˜äº‹ / idea: ã‚¢ã‚¤ãƒ‡ã‚¢
topics: ["MySQL"]
published: false
---

é§†å‹•è¡¨ã«`WHERE`å¥ã‚’ä½¿ã£ã¦ã„ãªãã¦ã‚‚å®Ÿè¡Œè¨ˆç”»ã®Extraã‚«ãƒ©ãƒ ã«`Using where`ãŒå‡ºã‚‹å ´åˆã«ã¤ã„ã¦ã€ä¾‹ã‚’ã‚ã’ã¦èª¬æ˜ã—ã¾ã™ã€‚

## çµè«–
é§†å‹•è¡¨ã«`WHERE`å¥ã‚’ä½¿ã£ã¦ã„ãªãã¦ã‚‚ã‚ªãƒ—ãƒ†ã‚£ãƒã‚¤ã‚¶ãƒ¼ãŒåˆ¤æ–­ã—ã¦WHEREå¥ã‚’è¿½åŠ ã™ã‚‹ã“ã¨ãŒã‚ã‚Šã€ã‚ªãƒ—ãƒ†ã‚£ãƒã‚¤ã‚¶ã¨ãƒ¬ãƒ¼ã‚¹ã§ç¢ºèªã™ã‚‹ã“ã¨ãŒã§ãã¾ã™ã€‚

## ç’°å¢ƒ
- MySQL 8.0
- InnoDB

## ã‚µãƒ³ãƒ—ãƒ«ãƒ¬ã‚³ãƒ¼ãƒ‰
```sql
CREATE TABLE `t1` (
  `c1` int NOT NULL,
  `c2` int DEFAULT NULL
) ENGINE=InnoDB DEFAULT CHARSET=utf8mb4 COLLATE=utf8mb4_0900_ai_ci

CREATE TABLE `t2` (
  `c1` int NOT NULL,
  `c2` int DEFAULT NULL,
  KEY (`c1`)
) ENGINE=InnoDB DEFAULT CHARSET=utf8mb4 COLLATE=utf8mb4_0900_ai_ci


insert into t1 (c1,c2) values
(1,1),
(2,2),
(3,3),
(4,4),
(5,5);

insert into t2 (c1,c2) values
(1,1),
(2,2),
(3,3),
(4,4),
(5,5),
(6,6),
(7,7),
(8,8),
(9,9),
(10,10);
```

ã‚ªãƒ—ãƒ†ã‚£ãƒã‚¤ã‚¶ãŒé§†å‹•è¡¨ã‚’`t1`ã¨ã—ã¦åˆ©ç”¨ã™ã‚‹(`t2`ã‚’å†…éƒ¨è¡¨ã¨ã™ã‚‹)ãŸã‚ã«ã€`t2.c1`ã«ã‚¤ãƒ³ãƒ‡ãƒƒã‚¯ã‚¹ã‚’å¼µã£ã¦ã„ã¾ã™ã€‚

## å®Ÿè¡Œã™ã‚‹ã‚¯ã‚¨ãƒª
å†…éƒ¨è¡¨ã®çµåˆã‚­ãƒ¼ã¯`c1`ã§å›ºå®šã—ãŸä¸Šã§ã€é§†å‹•è¡¨ã®çµåˆã‚­ãƒ¼ã‚’`c1`ï¼ˆNOT NULLåˆ¶ç´„ã‚ã‚Šï¼‰ã€`c2`ï¼ˆNOT NULLåˆ¶ç´„ãªã—ï¼‰ã§å†…éƒ¨çµåˆã‚’è¡Œãªã£ã¦ã¿ã¾ã™ã€‚

```sql
# é§†å‹•è¡¨ã®çµåˆã‚­ãƒ¼ã«NULLåˆ¶ç´„ãŒå­˜åœ¨ã™ã‚‹
select * from t1 inner join t2 on t1.c1 = t2.c1

# é§†å‹•è¡¨ã®çµåˆã‚­ãƒ¼ã«NULLåˆ¶ç´„ãŒå­˜åœ¨ã—ãªã„
select * from t1 inner join t2 on t1.c2 = t2.c1
```

## å®Ÿè¡Œè¨ˆç”»

### é§†å‹•è¡¨ã®çµåˆã‚­ãƒ¼ã«NULLåˆ¶ç´„ãŒå­˜åœ¨ã™ã‚‹å ´åˆ

```
mysql> EXPLAIN select * from t1 inner join t2 on t1.c1 = t2.c1\G;
*************************** 1. row ***************************
           id: 1
  select_type: SIMPLE
        table: t1
   partitions: NULL
         type: ALL
possible_keys: NULL
          key: NULL
      key_len: NULL
          ref: NULL
         rows: 5
     filtered: 100.00
        Extra: NULL
*************************** 2. row ***************************
           id: 1
  select_type: SIMPLE
        table: t2
   partitions: NULL
         type: ref
possible_keys: c1
          key: c1
      key_len: 4
          ref: world.t1.c1
         rows: 1
     filtered: 100.00
        Extra: NULL
2 rows in set, 1 warning (0.01 sec)
```

### é§†å‹•è¡¨ã®çµåˆã‚­ãƒ¼ã«NULLåˆ¶ç´„ãŒå­˜åœ¨ã—ãªã„å ´åˆ
```
mysql> EXPLAIN select * from t1 inner join t2 on t1.c2 = t2.c1\G;
*************************** 1. row ***************************
           id: 1
  select_type: SIMPLE
        table: t1
   partitions: NULL
         type: ALL
possible_keys: NULL
          key: NULL
      key_len: NULL
          ref: NULL
         rows: 5
     filtered: 100.00
        Extra: Using where
*************************** 2. row ***************************
           id: 1
  select_type: SIMPLE
        table: t2
   partitions: NULL
         type: ref
possible_keys: c1
          key: c1
      key_len: 4
          ref: world.t1.c2
         rows: 1
     filtered: 100.00
        Extra: NULL
2 rows in set, 1 warning (0.02 sec)
```

å®Ÿè¡Œè¨ˆç”»ã‚’ç¢ºèªã™ã‚‹ã¨`t1`ãŒé§†å‹•è¡¨ã«ãªã£ã¦ã„ã¾ã™ã€‚
ã¾ãŸã€Extraã‚«ãƒ©ãƒ ã‚’ç¢ºèªã™ã‚‹ã¨`Using Where`ãŒ
